{"cameraMode":{"drawMode":0,"name":"Shaded","section":"Shading Mode"},"sceneLighting":false,"audioPlay":false,"sceneViewState":{"m_AlwaysRefresh":false,"showFog":true,"showSkybox":false,"showFlares":true,"showImageEffects":true,"showParticleSystems":true,"showVisualEffectGraphs":true,"m_FxEnabled":true},"in2DMode":false,"pivot":{"x":3.2782554626464846e-7,"y":1.4500000476837159,"z":2.980232238769531e-7},"rotation":{"x":0.3327998220920563,"y":0.34840133786201479,"z":-0.1338893622159958,"w":0.8659913539886475},"size":1.7036727666854859,"orthographic":true}