{"cameraMode":{"drawMode":0,"name":"Shaded","section":"Shading Mode"},"sceneLighting":false,"audioPlay":false,"sceneViewState":{"m_AlwaysRefresh":false,"showFog":true,"showSkybox":false,"showFlares":true,"showImageEffects":true,"showParticleSystems":true,"showVisualEffectGraphs":true,"m_FxEnabled":true},"in2DMode":false,"pivot":{"x":0.03212547302246094,"y":-0.25746309757232668,"z":0.13019752502441407},"rotation":{"x":0.3212941288948059,"y":0.36538124084472659,"z":-0.1360252946615219,"w":0.8630008101463318},"size":1.3862714767456055,"orthographic":false}