{"cameraMode":{"drawMode":0,"name":"Shaded","section":"Shading Mode"},"sceneLighting":true,"audioPlay":false,"sceneViewState":{"m_AlwaysRefresh":false,"showFog":true,"showSkybox":true,"showFlares":true,"showImageEffects":true,"showParticleSystems":true,"showVisualEffectGraphs":true,"m_FxEnabled":true},"in2DMode":false,"pivot":{"x":0.9278703927993774,"y":2.3765921592712404,"z":-0.10235786437988281},"rotation":{"x":-0.39145493507385256,"y":-0.23016239702701569,"z":0.10181976854801178,"w":-0.8851390480995178},"size":3.1641159057617189,"orthographic":true}