{"cameraMode":{"drawMode":0,"name":"Shaded","section":"Shading Mode"},"sceneLighting":true,"audioPlay":false,"sceneViewState":{"m_AlwaysRefresh":false,"showFog":true,"showSkybox":true,"showFlares":true,"showImageEffects":true,"showParticleSystems":true,"showVisualEffectGraphs":true,"m_FxEnabled":true},"in2DMode":false,"pivot":{"x":-2.893752098083496,"y":-0.20128750801086427,"z":-0.08031326532363892},"rotation":{"x":0.4003670811653137,"y":0.4818960428237915,"z":-0.26297301054000857,"w":0.7337682843208313},"size":1.5837936401367188,"orthographic":false}