{"cameraMode":{"drawMode":0,"name":"Shaded","section":"Shading Mode"},"sceneLighting":false,"audioPlay":false,"sceneViewState":{"m_AlwaysRefresh":false,"showFog":true,"showSkybox":true,"showFlares":true,"showImageEffects":true,"showParticleSystems":true,"showVisualEffectGraphs":true,"m_FxEnabled":true},"in2DMode":false,"pivot":{"x":2.0441036224365236,"y":4.04841423034668,"z":-1.8473644256591797},"rotation":{"x":0.23758672177791596,"y":-0.30383118987083437,"z":0.07850378006696701,"w":0.9193255305290222},"size":3.4267947673797609,"orthographic":false}