{"cameraMode":{"drawMode":0,"name":"Shaded","section":"Shading Mode"},"sceneLighting":true,"audioPlay":false,"sceneViewState":{"m_AlwaysRefresh":false,"showFog":true,"showSkybox":true,"showFlares":true,"showImageEffects":true,"showParticleSystems":true,"showVisualEffectGraphs":true,"m_FxEnabled":true},"in2DMode":false,"pivot":{"x":-2.0563623905181886,"y":1.7516586780548096,"z":0.7993969917297363},"rotation":{"x":0.11036207526922226,"y":0.8865599036216736,"z":-0.35451194643974306,"w":0.2759898602962494},"size":3.1425678730010988,"orthographic":true}