{"cameraMode":{"drawMode":0,"name":"Shaded","section":"Shading Mode"},"sceneLighting":false,"audioPlay":false,"sceneViewState":{"m_AlwaysRefresh":false,"showFog":true,"showSkybox":false,"showFlares":true,"showImageEffects":true,"showParticleSystems":true,"showVisualEffectGraphs":true,"m_FxEnabled":true},"in2DMode":false,"pivot":{"x":0.19946664571762086,"y":0.08626627922058106,"z":-0.08186567574739456},"rotation":{"x":0.12013529986143112,"y":0.7012882232666016,"z":-0.12172465771436691,"w":0.692062497138977},"size":0.5550858974456787,"orthographic":false}